Period,Value,Series_Name,Frequency,Units,year,month,quarter
202106,717,"East Coast (PADD 1) Refinery and Blender Net Input of Crude Oil, Monthly",M,Thousand Barrels per Day,2021,6,2
202105,699,"East Coast (PADD 1) Refinery and Blender Net Input of Crude Oil, Monthly",M,Thousand Barrels per Day,2021,5,2
202104,630,"East Coast (PADD 1) Refinery and Blender Net Input of Crude Oil, Monthly",M,Thousand Barrels per Day,2021,4,2
202103,677,"East Coast (PADD 1) Refinery and Blender Net Input of Crude Oil, Monthly",M,Thousand Barrels per Day,2021,3,1
202102,592,"East Coast (PADD 1) Refinery and Blender Net Input of Crude Oil, Monthly",M,Thousand Barrels per Day,2021,2,1
202101,597,"East Coast (PADD 1) Refinery and Blender Net Input of Crude Oil, Monthly",M,Thousand Barrels per Day,2021,1,1
202012,592,"East Coast (PADD 1) Refinery and Blender Net Input of Crude Oil, Monthly",M,Thousand Barrels per Day,2020,12,4
202011,591,"East Coast (PADD 1) Refinery and Blender Net Input of Crude Oil, Monthly",M,Thousand Barrels per Day,2020,11,4
202010,570,"East Coast (PADD 1) Refinery and Blender Net Input of Crude Oil, Monthly",M,Thousand Barrels per Day,2020,10,4
202009,548,"East Coast (PADD 1) Refinery and Blender Net Input of Crude Oil, Monthly",M,Thousand Barrels per Day,2020,9,3
202008,599,"East Coast (PADD 1) Refinery and Blender Net Input of Crude Oil, Monthly",M,Thousand Barrels per Day,2020,8,3
202007,523,"East Coast (PADD 1) Refinery and Blender Net Input of Crude Oil, Monthly",M,Thousand Barrels per Day,2020,7,3
202006,606,"East Coast (PADD 1) Refinery and Blender Net Input of Crude Oil, Monthly",M,Thousand Barrels per Day,2020,6,2
202005,598,"East Coast (PADD 1) Refinery and Blender Net Input of Crude Oil, Monthly",M,Thousand Barrels per Day,2020,5,2
202004,527,"East Coast (PADD 1) Refinery and Blender Net Input of Crude Oil, Monthly",M,Thousand Barrels per Day,2020,4,2
202003,637,"East Coast (PADD 1) Refinery and Blender Net Input of Crude Oil, Monthly",M,Thousand Barrels per Day,2020,3,1
202002,689,"East Coast (PADD 1) Refinery and Blender Net Input of Crude Oil, Monthly",M,Thousand Barrels per Day,2020,2,1
202001,767,"East Coast (PADD 1) Refinery and Blender Net Input of Crude Oil, Monthly",M,Thousand Barrels per Day,2020,1,1
201912,804,"East Coast (PADD 1) Refinery and Blender Net Input of Crude Oil, Monthly",M,Thousand Barrels per Day,2019,12,4
201911,799,"East Coast (PADD 1) Refinery and Blender Net Input of Crude Oil, Monthly",M,Thousand Barrels per Day,2019,11,4
201910,730,"East Coast (PADD 1) Refinery and Blender Net Input of Crude Oil, Monthly",M,Thousand Barrels per Day,2019,10,4
201909,819,"East Coast (PADD 1) Refinery and Blender Net Input of Crude Oil, Monthly",M,Thousand Barrels per Day,2019,9,3
201908,846,"East Coast (PADD 1) Refinery and Blender Net Input of Crude Oil, Monthly",M,Thousand Barrels per Day,2019,8,3
201907,887,"East Coast (PADD 1) Refinery and Blender Net Input of Crude Oil, Monthly",M,Thousand Barrels per Day,2019,7,3
201906,1035,"East Coast (PADD 1) Refinery and Blender Net Input of Crude Oil, Monthly",M,Thousand Barrels per Day,2019,6,2
201905,1087,"East Coast (PADD 1) Refinery and Blender Net Input of Crude Oil, Monthly",M,Thousand Barrels per Day,2019,5,2
201904,1029,"East Coast (PADD 1) Refinery and Blender Net Input of Crude Oil, Monthly",M,Thousand Barrels per Day,2019,4,2
201903,913,"East Coast (PADD 1) Refinery and Blender Net Input of Crude Oil, Monthly",M,Thousand Barrels per Day,2019,3,1
201902,776,"East Coast (PADD 1) Refinery and Blender Net Input of Crude Oil, Monthly",M,Thousand Barrels per Day,2019,2,1
201901,1013,"East Coast (PADD 1) Refinery and Blender Net Input of Crude Oil, Monthly",M,Thousand Barrels per Day,2019,1,1
201812,1048,"East Coast (PADD 1) Refinery and Blender Net Input of Crude Oil, Monthly",M,Thousand Barrels per Day,2018,12,4
201811,1008,"East Coast (PADD 1) Refinery and Blender Net Input of Crude Oil, Monthly",M,Thousand Barrels per Day,2018,11,4
201810,922,"East Coast (PADD 1) Refinery and Blender Net Input of Crude Oil, Monthly",M,Thousand Barrels per Day,2018,10,4
201809,1003,"East Coast (PADD 1) Refinery and Blender Net Input of Crude Oil, Monthly",M,Thousand Barrels per Day,2018,9,3
201808,1068,"East Coast (PADD 1) Refinery and Blender Net Input of Crude Oil, Monthly",M,Thousand Barrels per Day,2018,8,3
201807,1139,"East Coast (PADD 1) Refinery and Blender Net Input of Crude Oil, Monthly",M,Thousand Barrels per Day,2018,7,3
201806,1128,"East Coast (PADD 1) Refinery and Blender Net Input of Crude Oil, Monthly",M,Thousand Barrels per Day,2018,6,2
201805,1157,"East Coast (PADD 1) Refinery and Blender Net Input of Crude Oil, Monthly",M,Thousand Barrels per Day,2018,5,2
201804,1110,"East Coast (PADD 1) Refinery and Blender Net Input of Crude Oil, Monthly",M,Thousand Barrels per Day,2018,4,2
201803,920,"East Coast (PADD 1) Refinery and Blender Net Input of Crude Oil, Monthly",M,Thousand Barrels per Day,2018,3,1
201802,968,"East Coast (PADD 1) Refinery and Blender Net Input of Crude Oil, Monthly",M,Thousand Barrels per Day,2018,2,1
201801,1068,"East Coast (PADD 1) Refinery and Blender Net Input of Crude Oil, Monthly",M,Thousand Barrels per Day,2018,1,1
201712,1116,"East Coast (PADD 1) Refinery and Blender Net Input of Crude Oil, Monthly",M,Thousand Barrels per Day,2017,12,4
201711,1160,"East Coast (PADD 1) Refinery and Blender Net Input of Crude Oil, Monthly",M,Thousand Barrels per Day,2017,11,4
201710,1096,"East Coast (PADD 1) Refinery and Blender Net Input of Crude Oil, Monthly",M,Thousand Barrels per Day,2017,10,4
201709,1106,"East Coast (PADD 1) Refinery and Blender Net Input of Crude Oil, Monthly",M,Thousand Barrels per Day,2017,9,3
201708,1140,"East Coast (PADD 1) Refinery and Blender Net Input of Crude Oil, Monthly",M,Thousand Barrels per Day,2017,8,3
201707,1078,"East Coast (PADD 1) Refinery and Blender Net Input of Crude Oil, Monthly",M,Thousand Barrels per Day,2017,7,3
201706,1129,"East Coast (PADD 1) Refinery and Blender Net Input of Crude Oil, Monthly",M,Thousand Barrels per Day,2017,6,2
201705,1111,"East Coast (PADD 1) Refinery and Blender Net Input of Crude Oil, Monthly",M,Thousand Barrels per Day,2017,5,2
201704,1062,"East Coast (PADD 1) Refinery and Blender Net Input of Crude Oil, Monthly",M,Thousand Barrels per Day,2017,4,2
201703,891,"East Coast (PADD 1) Refinery and Blender Net Input of Crude Oil, Monthly",M,Thousand Barrels per Day,2017,3,1
201702,902,"East Coast (PADD 1) Refinery and Blender Net Input of Crude Oil, Monthly",M,Thousand Barrels per Day,2017,2,1
201701,1050,"East Coast (PADD 1) Refinery and Blender Net Input of Crude Oil, Monthly",M,Thousand Barrels per Day,2017,1,1
201612,1063,"East Coast (PADD 1) Refinery and Blender Net Input of Crude Oil, Monthly",M,Thousand Barrels per Day,2016,12,4
201611,1118,"East Coast (PADD 1) Refinery and Blender Net Input of Crude Oil, Monthly",M,Thousand Barrels per Day,2016,11,4
201610,1091,"East Coast (PADD 1) Refinery and Blender Net Input of Crude Oil, Monthly",M,Thousand Barrels per Day,2016,10,4
201609,1108,"East Coast (PADD 1) Refinery and Blender Net Input of Crude Oil, Monthly",M,Thousand Barrels per Day,2016,9,3
201608,1098,"East Coast (PADD 1) Refinery and Blender Net Input of Crude Oil, Monthly",M,Thousand Barrels per Day,2016,8,3
201607,1061,"East Coast (PADD 1) Refinery and Blender Net Input of Crude Oil, Monthly",M,Thousand Barrels per Day,2016,7,3
201606,1126,"East Coast (PADD 1) Refinery and Blender Net Input of Crude Oil, Monthly",M,Thousand Barrels per Day,2016,6,2
201605,1184,"East Coast (PADD 1) Refinery and Blender Net Input of Crude Oil, Monthly",M,Thousand Barrels per Day,2016,5,2
201604,1158,"East Coast (PADD 1) Refinery and Blender Net Input of Crude Oil, Monthly",M,Thousand Barrels per Day,2016,4,2
201603,1061,"East Coast (PADD 1) Refinery and Blender Net Input of Crude Oil, Monthly",M,Thousand Barrels per Day,2016,3,1
201602,1093,"East Coast (PADD 1) Refinery and Blender Net Input of Crude Oil, Monthly",M,Thousand Barrels per Day,2016,2,1
201601,1137,"East Coast (PADD 1) Refinery and Blender Net Input of Crude Oil, Monthly",M,Thousand Barrels per Day,2016,1,1
201512,1145,"East Coast (PADD 1) Refinery and Blender Net Input of Crude Oil, Monthly",M,Thousand Barrels per Day,2015,12,4
201511,1201,"East Coast (PADD 1) Refinery and Blender Net Input of Crude Oil, Monthly",M,Thousand Barrels per Day,2015,11,4
201510,1143,"East Coast (PADD 1) Refinery and Blender Net Input of Crude Oil, Monthly",M,Thousand Barrels per Day,2015,10,4
201509,1072,"East Coast (PADD 1) Refinery and Blender Net Input of Crude Oil, Monthly",M,Thousand Barrels per Day,2015,9,3
201508,1200,"East Coast (PADD 1) Refinery and Blender Net Input of Crude Oil, Monthly",M,Thousand Barrels per Day,2015,8,3
201507,1181,"East Coast (PADD 1) Refinery and Blender Net Input of Crude Oil, Monthly",M,Thousand Barrels per Day,2015,7,3
201506,1167,"East Coast (PADD 1) Refinery and Blender Net Input of Crude Oil, Monthly",M,Thousand Barrels per Day,2015,6,2
201505,1162,"East Coast (PADD 1) Refinery and Blender Net Input of Crude Oil, Monthly",M,Thousand Barrels per Day,2015,5,2
201504,1130,"East Coast (PADD 1) Refinery and Blender Net Input of Crude Oil, Monthly",M,Thousand Barrels per Day,2015,4,2
201503,1078,"East Coast (PADD 1) Refinery and Blender Net Input of Crude Oil, Monthly",M,Thousand Barrels per Day,2015,3,1
201502,871,"East Coast (PADD 1) Refinery and Blender Net Input of Crude Oil, Monthly",M,Thousand Barrels per Day,2015,2,1
201501,1087,"East Coast (PADD 1) Refinery and Blender Net Input of Crude Oil, Monthly",M,Thousand Barrels per Day,2015,1,1
201412,1080,"East Coast (PADD 1) Refinery and Blender Net Input of Crude Oil, Monthly",M,Thousand Barrels per Day,2014,12,4
201411,1111,"East Coast (PADD 1) Refinery and Blender Net Input of Crude Oil, Monthly",M,Thousand Barrels per Day,2014,11,4
201410,1131,"East Coast (PADD 1) Refinery and Blender Net Input of Crude Oil, Monthly",M,Thousand Barrels per Day,2014,10,4
201409,1156,"East Coast (PADD 1) Refinery and Blender Net Input of Crude Oil, Monthly",M,Thousand Barrels per Day,2014,9,3
201408,1082,"East Coast (PADD 1) Refinery and Blender Net Input of Crude Oil, Monthly",M,Thousand Barrels per Day,2014,8,3
201407,1135,"East Coast (PADD 1) Refinery and Blender Net Input of Crude Oil, Monthly",M,Thousand Barrels per Day,2014,7,3
201406,1179,"East Coast (PADD 1) Refinery and Blender Net Input of Crude Oil, Monthly",M,Thousand Barrels per Day,2014,6,2
201405,1148,"East Coast (PADD 1) Refinery and Blender Net Input of Crude Oil, Monthly",M,Thousand Barrels per Day,2014,5,2
201404,1073,"East Coast (PADD 1) Refinery and Blender Net Input of Crude Oil, Monthly",M,Thousand Barrels per Day,2014,4,2
201403,1014,"East Coast (PADD 1) Refinery and Blender Net Input of Crude Oil, Monthly",M,Thousand Barrels per Day,2014,3,1
201402,979,"East Coast (PADD 1) Refinery and Blender Net Input of Crude Oil, Monthly",M,Thousand Barrels per Day,2014,2,1
201401,955,"East Coast (PADD 1) Refinery and Blender Net Input of Crude Oil, Monthly",M,Thousand Barrels per Day,2014,1,1
201312,1067,"East Coast (PADD 1) Refinery and Blender Net Input of Crude Oil, Monthly",M,Thousand Barrels per Day,2013,12,4
201311,956,"East Coast (PADD 1) Refinery and Blender Net Input of Crude Oil, Monthly",M,Thousand Barrels per Day,2013,11,4
201310,888,"East Coast (PADD 1) Refinery and Blender Net Input of Crude Oil, Monthly",M,Thousand Barrels per Day,2013,10,4
201309,1084,"East Coast (PADD 1) Refinery and Blender Net Input of Crude Oil, Monthly",M,Thousand Barrels per Day,2013,9,3
201308,1073,"East Coast (PADD 1) Refinery and Blender Net Input of Crude Oil, Monthly",M,Thousand Barrels per Day,2013,8,3
201307,1085,"East Coast (PADD 1) Refinery and Blender Net Input of Crude Oil, Monthly",M,Thousand Barrels per Day,2013,7,3
201306,1134,"East Coast (PADD 1) Refinery and Blender Net Input of Crude Oil, Monthly",M,Thousand Barrels per Day,2013,6,2
201305,1134,"East Coast (PADD 1) Refinery and Blender Net Input of Crude Oil, Monthly",M,Thousand Barrels per Day,2013,5,2
201304,1083,"East Coast (PADD 1) Refinery and Blender Net Input of Crude Oil, Monthly",M,Thousand Barrels per Day,2013,4,2
201303,1019,"East Coast (PADD 1) Refinery and Blender Net Input of Crude Oil, Monthly",M,Thousand Barrels per Day,2013,3,1
201302,879,"East Coast (PADD 1) Refinery and Blender Net Input of Crude Oil, Monthly",M,Thousand Barrels per Day,2013,2,1
201301,1043,"East Coast (PADD 1) Refinery and Blender Net Input of Crude Oil, Monthly",M,Thousand Barrels per Day,2013,1,1
201212,971,"East Coast (PADD 1) Refinery and Blender Net Input of Crude Oil, Monthly",M,Thousand Barrels per Day,2012,12,4
201211,904,"East Coast (PADD 1) Refinery and Blender Net Input of Crude Oil, Monthly",M,Thousand Barrels per Day,2012,11,4
201210,1003,"East Coast (PADD 1) Refinery and Blender Net Input of Crude Oil, Monthly",M,Thousand Barrels per Day,2012,10,4
201209,950,"East Coast (PADD 1) Refinery and Blender Net Input of Crude Oil, Monthly",M,Thousand Barrels per Day,2012,9,3
201208,944,"East Coast (PADD 1) Refinery and Blender Net Input of Crude Oil, Monthly",M,Thousand Barrels per Day,2012,8,3
201207,962,"East Coast (PADD 1) Refinery and Blender Net Input of Crude Oil, Monthly",M,Thousand Barrels per Day,2012,7,3
201206,939,"East Coast (PADD 1) Refinery and Blender Net Input of Crude Oil, Monthly",M,Thousand Barrels per Day,2012,6,2
201205,845,"East Coast (PADD 1) Refinery and Blender Net Input of Crude Oil, Monthly",M,Thousand Barrels per Day,2012,5,2
201204,919,"East Coast (PADD 1) Refinery and Blender Net Input of Crude Oil, Monthly",M,Thousand Barrels per Day,2012,4,2
201203,904,"East Coast (PADD 1) Refinery and Blender Net Input of Crude Oil, Monthly",M,Thousand Barrels per Day,2012,3,1
201202,857,"East Coast (PADD 1) Refinery and Blender Net Input of Crude Oil, Monthly",M,Thousand Barrels per Day,2012,2,1
201201,824,"East Coast (PADD 1) Refinery and Blender Net Input of Crude Oil, Monthly",M,Thousand Barrels per Day,2012,1,1
201112,935,"East Coast (PADD 1) Refinery and Blender Net Input of Crude Oil, Monthly",M,Thousand Barrels per Day,2011,12,4
201111,1102,"East Coast (PADD 1) Refinery and Blender Net Input of Crude Oil, Monthly",M,Thousand Barrels per Day,2011,11,4
201110,1131,"East Coast (PADD 1) Refinery and Blender Net Input of Crude Oil, Monthly",M,Thousand Barrels per Day,2011,10,4
201109,1237,"East Coast (PADD 1) Refinery and Blender Net Input of Crude Oil, Monthly",M,Thousand Barrels per Day,2011,9,3
201108,1223,"East Coast (PADD 1) Refinery and Blender Net Input of Crude Oil, Monthly",M,Thousand Barrels per Day,2011,8,3
201107,1286,"East Coast (PADD 1) Refinery and Blender Net Input of Crude Oil, Monthly",M,Thousand Barrels per Day,2011,7,3
201106,1117,"East Coast (PADD 1) Refinery and Blender Net Input of Crude Oil, Monthly",M,Thousand Barrels per Day,2011,6,2
201105,1149,"East Coast (PADD 1) Refinery and Blender Net Input of Crude Oil, Monthly",M,Thousand Barrels per Day,2011,5,2
201104,928,"East Coast (PADD 1) Refinery and Blender Net Input of Crude Oil, Monthly",M,Thousand Barrels per Day,2011,4,2
201103,971,"East Coast (PADD 1) Refinery and Blender Net Input of Crude Oil, Monthly",M,Thousand Barrels per Day,2011,3,1
201102,1010,"East Coast (PADD 1) Refinery and Blender Net Input of Crude Oil, Monthly",M,Thousand Barrels per Day,2011,2,1
201101,1061,"East Coast (PADD 1) Refinery and Blender Net Input of Crude Oil, Monthly",M,Thousand Barrels per Day,2011,1,1
201012,1038,"East Coast (PADD 1) Refinery and Blender Net Input of Crude Oil, Monthly",M,Thousand Barrels per Day,2010,12,4
201011,940,"East Coast (PADD 1) Refinery and Blender Net Input of Crude Oil, Monthly",M,Thousand Barrels per Day,2010,11,4
201010,845,"East Coast (PADD 1) Refinery and Blender Net Input of Crude Oil, Monthly",M,Thousand Barrels per Day,2010,10,4
201009,1093,"East Coast (PADD 1) Refinery and Blender Net Input of Crude Oil, Monthly",M,Thousand Barrels per Day,2010,9,3
201008,1215,"East Coast (PADD 1) Refinery and Blender Net Input of Crude Oil, Monthly",M,Thousand Barrels per Day,2010,8,3
201007,1241,"East Coast (PADD 1) Refinery and Blender Net Input of Crude Oil, Monthly",M,Thousand Barrels per Day,2010,7,3
201006,1243,"East Coast (PADD 1) Refinery and Blender Net Input of Crude Oil, Monthly",M,Thousand Barrels per Day,2010,6,2
201005,1260,"East Coast (PADD 1) Refinery and Blender Net Input of Crude Oil, Monthly",M,Thousand Barrels per Day,2010,5,2
201004,1214,"East Coast (PADD 1) Refinery and Blender Net Input of Crude Oil, Monthly",M,Thousand Barrels per Day,2010,4,2
201003,1085,"East Coast (PADD 1) Refinery and Blender Net Input of Crude Oil, Monthly",M,Thousand Barrels per Day,2010,3,1
201002,1181,"East Coast (PADD 1) Refinery and Blender Net Input of Crude Oil, Monthly",M,Thousand Barrels per Day,2010,2,1
201001,1069,"East Coast (PADD 1) Refinery and Blender Net Input of Crude Oil, Monthly",M,Thousand Barrels per Day,2010,1,1
200912,1094,"East Coast (PADD 1) Refinery and Blender Net Input of Crude Oil, Monthly",M,Thousand Barrels per Day,2009,12,4
200911,1163,"East Coast (PADD 1) Refinery and Blender Net Input of Crude Oil, Monthly",M,Thousand Barrels per Day,2009,11,4
200910,1324,"East Coast (PADD 1) Refinery and Blender Net Input of Crude Oil, Monthly",M,Thousand Barrels per Day,2009,10,4
200909,1336,"East Coast (PADD 1) Refinery and Blender Net Input of Crude Oil, Monthly",M,Thousand Barrels per Day,2009,9,3
200908,1316,"East Coast (PADD 1) Refinery and Blender Net Input of Crude Oil, Monthly",M,Thousand Barrels per Day,2009,8,3
200907,1348,"East Coast (PADD 1) Refinery and Blender Net Input of Crude Oil, Monthly",M,Thousand Barrels per Day,2009,7,3
200906,1352,"East Coast (PADD 1) Refinery and Blender Net Input of Crude Oil, Monthly",M,Thousand Barrels per Day,2009,6,2
200905,1261,"East Coast (PADD 1) Refinery and Blender Net Input of Crude Oil, Monthly",M,Thousand Barrels per Day,2009,5,2
200904,1156,"East Coast (PADD 1) Refinery and Blender Net Input of Crude Oil, Monthly",M,Thousand Barrels per Day,2009,4,2
200903,1154,"East Coast (PADD 1) Refinery and Blender Net Input of Crude Oil, Monthly",M,Thousand Barrels per Day,2009,3,1
200902,1252,"East Coast (PADD 1) Refinery and Blender Net Input of Crude Oil, Monthly",M,Thousand Barrels per Day,2009,2,1
200901,1355,"East Coast (PADD 1) Refinery and Blender Net Input of Crude Oil, Monthly",M,Thousand Barrels per Day,2009,1,1
200812,1282,"East Coast (PADD 1) Refinery and Blender Net Input of Crude Oil, Monthly",M,Thousand Barrels per Day,2008,12,4
200811,1346,"East Coast (PADD 1) Refinery and Blender Net Input of Crude Oil, Monthly",M,Thousand Barrels per Day,2008,11,4
200810,1494,"East Coast (PADD 1) Refinery and Blender Net Input of Crude Oil, Monthly",M,Thousand Barrels per Day,2008,10,4
200809,1456,"East Coast (PADD 1) Refinery and Blender Net Input of Crude Oil, Monthly",M,Thousand Barrels per Day,2008,9,3
200808,1464,"East Coast (PADD 1) Refinery and Blender Net Input of Crude Oil, Monthly",M,Thousand Barrels per Day,2008,8,3
200807,1437,"East Coast (PADD 1) Refinery and Blender Net Input of Crude Oil, Monthly",M,Thousand Barrels per Day,2008,7,3
200806,1446,"East Coast (PADD 1) Refinery and Blender Net Input of Crude Oil, Monthly",M,Thousand Barrels per Day,2008,6,2
200805,1427,"East Coast (PADD 1) Refinery and Blender Net Input of Crude Oil, Monthly",M,Thousand Barrels per Day,2008,5,2
200804,1400,"East Coast (PADD 1) Refinery and Blender Net Input of Crude Oil, Monthly",M,Thousand Barrels per Day,2008,4,2
200803,1325,"East Coast (PADD 1) Refinery and Blender Net Input of Crude Oil, Monthly",M,Thousand Barrels per Day,2008,3,1
200802,1442,"East Coast (PADD 1) Refinery and Blender Net Input of Crude Oil, Monthly",M,Thousand Barrels per Day,2008,2,1
200801,1536,"East Coast (PADD 1) Refinery and Blender Net Input of Crude Oil, Monthly",M,Thousand Barrels per Day,2008,1,1
200712,1537,"East Coast (PADD 1) Refinery and Blender Net Input of Crude Oil, Monthly",M,Thousand Barrels per Day,2007,12,4
200711,1584,"East Coast (PADD 1) Refinery and Blender Net Input of Crude Oil, Monthly",M,Thousand Barrels per Day,2007,11,4
200710,1591,"East Coast (PADD 1) Refinery and Blender Net Input of Crude Oil, Monthly",M,Thousand Barrels per Day,2007,10,4
200709,1547,"East Coast (PADD 1) Refinery and Blender Net Input of Crude Oil, Monthly",M,Thousand Barrels per Day,2007,9,3
200708,1507,"East Coast (PADD 1) Refinery and Blender Net Input of Crude Oil, Monthly",M,Thousand Barrels per Day,2007,8,3
200707,1551,"East Coast (PADD 1) Refinery and Blender Net Input of Crude Oil, Monthly",M,Thousand Barrels per Day,2007,7,3
200706,1547,"East Coast (PADD 1) Refinery and Blender Net Input of Crude Oil, Monthly",M,Thousand Barrels per Day,2007,6,2
200705,1586,"East Coast (PADD 1) Refinery and Blender Net Input of Crude Oil, Monthly",M,Thousand Barrels per Day,2007,5,2
200704,1465,"East Coast (PADD 1) Refinery and Blender Net Input of Crude Oil, Monthly",M,Thousand Barrels per Day,2007,4,2
200703,1351,"East Coast (PADD 1) Refinery and Blender Net Input of Crude Oil, Monthly",M,Thousand Barrels per Day,2007,3,1
200702,1373,"East Coast (PADD 1) Refinery and Blender Net Input of Crude Oil, Monthly",M,Thousand Barrels per Day,2007,2,1
200701,1511,"East Coast (PADD 1) Refinery and Blender Net Input of Crude Oil, Monthly",M,Thousand Barrels per Day,2007,1,1
200612,1505,"East Coast (PADD 1) Refinery and Blender Net Input of Crude Oil, Monthly",M,Thousand Barrels per Day,2006,12,4
200611,1538,"East Coast (PADD 1) Refinery and Blender Net Input of Crude Oil, Monthly",M,Thousand Barrels per Day,2006,11,4
200610,1549,"East Coast (PADD 1) Refinery and Blender Net Input of Crude Oil, Monthly",M,Thousand Barrels per Day,2006,10,4
200609,1638,"East Coast (PADD 1) Refinery and Blender Net Input of Crude Oil, Monthly",M,Thousand Barrels per Day,2006,9,3
200608,1577,"East Coast (PADD 1) Refinery and Blender Net Input of Crude Oil, Monthly",M,Thousand Barrels per Day,2006,8,3
200607,1457,"East Coast (PADD 1) Refinery and Blender Net Input of Crude Oil, Monthly",M,Thousand Barrels per Day,2006,7,3
200606,1513,"East Coast (PADD 1) Refinery and Blender Net Input of Crude Oil, Monthly",M,Thousand Barrels per Day,2006,6,2
200605,1469,"East Coast (PADD 1) Refinery and Blender Net Input of Crude Oil, Monthly",M,Thousand Barrels per Day,2006,5,2
200604,1415,"East Coast (PADD 1) Refinery and Blender Net Input of Crude Oil, Monthly",M,Thousand Barrels per Day,2006,4,2
200603,1490,"East Coast (PADD 1) Refinery and Blender Net Input of Crude Oil, Monthly",M,Thousand Barrels per Day,2006,3,1
200602,1465,"East Coast (PADD 1) Refinery and Blender Net Input of Crude Oil, Monthly",M,Thousand Barrels per Day,2006,2,1
200601,1526,"East Coast (PADD 1) Refinery and Blender Net Input of Crude Oil, Monthly",M,Thousand Barrels per Day,2006,1,1
200512,1543,"East Coast (PADD 1) Refinery and Blender Net Input of Crude Oil, Monthly",M,Thousand Barrels per Day,2005,12,4
200511,1666,"East Coast (PADD 1) Refinery and Blender Net Input of Crude Oil, Monthly",M,Thousand Barrels per Day,2005,11,4
200510,1642,"East Coast (PADD 1) Refinery and Blender Net Input of Crude Oil, Monthly",M,Thousand Barrels per Day,2005,10,4
200509,1719,"East Coast (PADD 1) Refinery and Blender Net Input of Crude Oil, Monthly",M,Thousand Barrels per Day,2005,9,3
200508,1616,"East Coast (PADD 1) Refinery and Blender Net Input of Crude Oil, Monthly",M,Thousand Barrels per Day,2005,8,3
200507,1674,"East Coast (PADD 1) Refinery and Blender Net Input of Crude Oil, Monthly",M,Thousand Barrels per Day,2005,7,3
200506,1645,"East Coast (PADD 1) Refinery and Blender Net Input of Crude Oil, Monthly",M,Thousand Barrels per Day,2005,6,2
200505,1701,"East Coast (PADD 1) Refinery and Blender Net Input of Crude Oil, Monthly",M,Thousand Barrels per Day,2005,5,2
200504,1640,"East Coast (PADD 1) Refinery and Blender Net Input of Crude Oil, Monthly",M,Thousand Barrels per Day,2005,4,2
200503,1614,"East Coast (PADD 1) Refinery and Blender Net Input of Crude Oil, Monthly",M,Thousand Barrels per Day,2005,3,1
200502,1540,"East Coast (PADD 1) Refinery and Blender Net Input of Crude Oil, Monthly",M,Thousand Barrels per Day,2005,2,1
200501,1521,"East Coast (PADD 1) Refinery and Blender Net Input of Crude Oil, Monthly",M,Thousand Barrels per Day,2005,1,1
200412,1555,"East Coast (PADD 1) Refinery and Blender Net Input of Crude Oil, Monthly",M,Thousand Barrels per Day,2004,12,4
200411,1594,"East Coast (PADD 1) Refinery and Blender Net Input of Crude Oil, Monthly",M,Thousand Barrels per Day,2004,11,4
200410,1504,"East Coast (PADD 1) Refinery and Blender Net Input of Crude Oil, Monthly",M,Thousand Barrels per Day,2004,10,4
200409,1395,"East Coast (PADD 1) Refinery and Blender Net Input of Crude Oil, Monthly",M,Thousand Barrels per Day,2004,9,3
200408,1663,"East Coast (PADD 1) Refinery and Blender Net Input of Crude Oil, Monthly",M,Thousand Barrels per Day,2004,8,3
200407,1679,"East Coast (PADD 1) Refinery and Blender Net Input of Crude Oil, Monthly",M,Thousand Barrels per Day,2004,7,3
200406,1670,"East Coast (PADD 1) Refinery and Blender Net Input of Crude Oil, Monthly",M,Thousand Barrels per Day,2004,6,2
200405,1613,"East Coast (PADD 1) Refinery and Blender Net Input of Crude Oil, Monthly",M,Thousand Barrels per Day,2004,5,2
200404,1624,"East Coast (PADD 1) Refinery and Blender Net Input of Crude Oil, Monthly",M,Thousand Barrels per Day,2004,4,2
200403,1674,"East Coast (PADD 1) Refinery and Blender Net Input of Crude Oil, Monthly",M,Thousand Barrels per Day,2004,3,1
200402,1693,"East Coast (PADD 1) Refinery and Blender Net Input of Crude Oil, Monthly",M,Thousand Barrels per Day,2004,2,1
200401,1506,"East Coast (PADD 1) Refinery and Blender Net Input of Crude Oil, Monthly",M,Thousand Barrels per Day,2004,1,1
200312,1593,"East Coast (PADD 1) Refinery and Blender Net Input of Crude Oil, Monthly",M,Thousand Barrels per Day,2003,12,4
200311,1489,"East Coast (PADD 1) Refinery and Blender Net Input of Crude Oil, Monthly",M,Thousand Barrels per Day,2003,11,4
200310,1626,"East Coast (PADD 1) Refinery and Blender Net Input of Crude Oil, Monthly",M,Thousand Barrels per Day,2003,10,4
200309,1649,"East Coast (PADD 1) Refinery and Blender Net Input of Crude Oil, Monthly",M,Thousand Barrels per Day,2003,9,3
200308,1635,"East Coast (PADD 1) Refinery and Blender Net Input of Crude Oil, Monthly",M,Thousand Barrels per Day,2003,8,3
200307,1650,"East Coast (PADD 1) Refinery and Blender Net Input of Crude Oil, Monthly",M,Thousand Barrels per Day,2003,7,3
200306,1676,"East Coast (PADD 1) Refinery and Blender Net Input of Crude Oil, Monthly",M,Thousand Barrels per Day,2003,6,2
200305,1688,"East Coast (PADD 1) Refinery and Blender Net Input of Crude Oil, Monthly",M,Thousand Barrels per Day,2003,5,2
200304,1647,"East Coast (PADD 1) Refinery and Blender Net Input of Crude Oil, Monthly",M,Thousand Barrels per Day,2003,4,2
200303,1637,"East Coast (PADD 1) Refinery and Blender Net Input of Crude Oil, Monthly",M,Thousand Barrels per Day,2003,3,1
200302,1489,"East Coast (PADD 1) Refinery and Blender Net Input of Crude Oil, Monthly",M,Thousand Barrels per Day,2003,2,1
200301,1469,"East Coast (PADD 1) Refinery and Blender Net Input of Crude Oil, Monthly",M,Thousand Barrels per Day,2003,1,1
200212,1532,"East Coast (PADD 1) Refinery and Blender Net Input of Crude Oil, Monthly",M,Thousand Barrels per Day,2002,12,4
200211,1553,"East Coast (PADD 1) Refinery and Blender Net Input of Crude Oil, Monthly",M,Thousand Barrels per Day,2002,11,4
200210,1541,"East Coast (PADD 1) Refinery and Blender Net Input of Crude Oil, Monthly",M,Thousand Barrels per Day,2002,10,4
200209,1527,"East Coast (PADD 1) Refinery and Blender Net Input of Crude Oil, Monthly",M,Thousand Barrels per Day,2002,9,3
200208,1564,"East Coast (PADD 1) Refinery and Blender Net Input of Crude Oil, Monthly",M,Thousand Barrels per Day,2002,8,3
200207,1601,"East Coast (PADD 1) Refinery and Blender Net Input of Crude Oil, Monthly",M,Thousand Barrels per Day,2002,7,3
200206,1585,"East Coast (PADD 1) Refinery and Blender Net Input of Crude Oil, Monthly",M,Thousand Barrels per Day,2002,6,2
200205,1623,"East Coast (PADD 1) Refinery and Blender Net Input of Crude Oil, Monthly",M,Thousand Barrels per Day,2002,5,2
200204,1599,"East Coast (PADD 1) Refinery and Blender Net Input of Crude Oil, Monthly",M,Thousand Barrels per Day,2002,4,2
200203,1534,"East Coast (PADD 1) Refinery and Blender Net Input of Crude Oil, Monthly",M,Thousand Barrels per Day,2002,3,1
200202,1474,"East Coast (PADD 1) Refinery and Blender Net Input of Crude Oil, Monthly",M,Thousand Barrels per Day,2002,2,1
200201,1353,"East Coast (PADD 1) Refinery and Blender Net Input of Crude Oil, Monthly",M,Thousand Barrels per Day,2002,1,1
200112,1326,"East Coast (PADD 1) Refinery and Blender Net Input of Crude Oil, Monthly",M,Thousand Barrels per Day,2001,12,4
200111,1562,"East Coast (PADD 1) Refinery and Blender Net Input of Crude Oil, Monthly",M,Thousand Barrels per Day,2001,11,4
200110,1461,"East Coast (PADD 1) Refinery and Blender Net Input of Crude Oil, Monthly",M,Thousand Barrels per Day,2001,10,4
200109,1415,"East Coast (PADD 1) Refinery and Blender Net Input of Crude Oil, Monthly",M,Thousand Barrels per Day,2001,9,3
200108,1385,"East Coast (PADD 1) Refinery and Blender Net Input of Crude Oil, Monthly",M,Thousand Barrels per Day,2001,8,3
200107,1537,"East Coast (PADD 1) Refinery and Blender Net Input of Crude Oil, Monthly",M,Thousand Barrels per Day,2001,7,3
200106,1530,"East Coast (PADD 1) Refinery and Blender Net Input of Crude Oil, Monthly",M,Thousand Barrels per Day,2001,6,2
200105,1643,"East Coast (PADD 1) Refinery and Blender Net Input of Crude Oil, Monthly",M,Thousand Barrels per Day,2001,5,2
200104,1541,"East Coast (PADD 1) Refinery and Blender Net Input of Crude Oil, Monthly",M,Thousand Barrels per Day,2001,4,2
200103,1430,"East Coast (PADD 1) Refinery and Blender Net Input of Crude Oil, Monthly",M,Thousand Barrels per Day,2001,3,1
200102,1623,"East Coast (PADD 1) Refinery and Blender Net Input of Crude Oil, Monthly",M,Thousand Barrels per Day,2001,2,1
200101,1553,"East Coast (PADD 1) Refinery and Blender Net Input of Crude Oil, Monthly",M,Thousand Barrels per Day,2001,1,1
200012,1515,"East Coast (PADD 1) Refinery and Blender Net Input of Crude Oil, Monthly",M,Thousand Barrels per Day,2000,12,4
200011,1582,"East Coast (PADD 1) Refinery and Blender Net Input of Crude Oil, Monthly",M,Thousand Barrels per Day,2000,11,4
200010,1568,"East Coast (PADD 1) Refinery and Blender Net Input of Crude Oil, Monthly",M,Thousand Barrels per Day,2000,10,4
200009,1555,"East Coast (PADD 1) Refinery and Blender Net Input of Crude Oil, Monthly",M,Thousand Barrels per Day,2000,9,3
200008,1680,"East Coast (PADD 1) Refinery and Blender Net Input of Crude Oil, Monthly",M,Thousand Barrels per Day,2000,8,3
200007,1650,"East Coast (PADD 1) Refinery and Blender Net Input of Crude Oil, Monthly",M,Thousand Barrels per Day,2000,7,3
200006,1613,"East Coast (PADD 1) Refinery and Blender Net Input of Crude Oil, Monthly",M,Thousand Barrels per Day,2000,6,2
200005,1599,"East Coast (PADD 1) Refinery and Blender Net Input of Crude Oil, Monthly",M,Thousand Barrels per Day,2000,5,2
200004,1602,"East Coast (PADD 1) Refinery and Blender Net Input of Crude Oil, Monthly",M,Thousand Barrels per Day,2000,4,2
200003,1635,"East Coast (PADD 1) Refinery and Blender Net Input of Crude Oil, Monthly",M,Thousand Barrels per Day,2000,3,1
200002,1551,"East Coast (PADD 1) Refinery and Blender Net Input of Crude Oil, Monthly",M,Thousand Barrels per Day,2000,2,1
200001,1309,"East Coast (PADD 1) Refinery and Blender Net Input of Crude Oil, Monthly",M,Thousand Barrels per Day,2000,1,1
199912,1450,"East Coast (PADD 1) Refinery and Blender Net Input of Crude Oil, Monthly",M,Thousand Barrels per Day,1999,12,4
199911,1488,"East Coast (PADD 1) Refinery and Blender Net Input of Crude Oil, Monthly",M,Thousand Barrels per Day,1999,11,4
199910,1522,"East Coast (PADD 1) Refinery and Blender Net Input of Crude Oil, Monthly",M,Thousand Barrels per Day,1999,10,4
199909,1549,"East Coast (PADD 1) Refinery and Blender Net Input of Crude Oil, Monthly",M,Thousand Barrels per Day,1999,9,3
199908,1645,"East Coast (PADD 1) Refinery and Blender Net Input of Crude Oil, Monthly",M,Thousand Barrels per Day,1999,8,3
199907,1586,"East Coast (PADD 1) Refinery and Blender Net Input of Crude Oil, Monthly",M,Thousand Barrels per Day,1999,7,3
199906,1577,"East Coast (PADD 1) Refinery and Blender Net Input of Crude Oil, Monthly",M,Thousand Barrels per Day,1999,6,2
199905,1611,"East Coast (PADD 1) Refinery and Blender Net Input of Crude Oil, Monthly",M,Thousand Barrels per Day,1999,5,2
199904,1555,"East Coast (PADD 1) Refinery and Blender Net Input of Crude Oil, Monthly",M,Thousand Barrels per Day,1999,4,2
199903,1474,"East Coast (PADD 1) Refinery and Blender Net Input of Crude Oil, Monthly",M,Thousand Barrels per Day,1999,3,1
199902,1529,"East Coast (PADD 1) Refinery and Blender Net Input of Crude Oil, Monthly",M,Thousand Barrels per Day,1999,2,1
199901,1585,"East Coast (PADD 1) Refinery and Blender Net Input of Crude Oil, Monthly",M,Thousand Barrels per Day,1999,1,1
199812,1541,"East Coast (PADD 1) Refinery and Blender Net Input of Crude Oil, Monthly",M,Thousand Barrels per Day,1998,12,4
199811,1671,"East Coast (PADD 1) Refinery and Blender Net Input of Crude Oil, Monthly",M,Thousand Barrels per Day,1998,11,4
199810,1305,"East Coast (PADD 1) Refinery and Blender Net Input of Crude Oil, Monthly",M,Thousand Barrels per Day,1998,10,4
199809,1561,"East Coast (PADD 1) Refinery and Blender Net Input of Crude Oil, Monthly",M,Thousand Barrels per Day,1998,9,3
199808,1636,"East Coast (PADD 1) Refinery and Blender Net Input of Crude Oil, Monthly",M,Thousand Barrels per Day,1998,8,3
199807,1616,"East Coast (PADD 1) Refinery and Blender Net Input of Crude Oil, Monthly",M,Thousand Barrels per Day,1998,7,3
199806,1630,"East Coast (PADD 1) Refinery and Blender Net Input of Crude Oil, Monthly",M,Thousand Barrels per Day,1998,6,2
199805,1618,"East Coast (PADD 1) Refinery and Blender Net Input of Crude Oil, Monthly",M,Thousand Barrels per Day,1998,5,2
199804,1628,"East Coast (PADD 1) Refinery and Blender Net Input of Crude Oil, Monthly",M,Thousand Barrels per Day,1998,4,2
199803,1568,"East Coast (PADD 1) Refinery and Blender Net Input of Crude Oil, Monthly",M,Thousand Barrels per Day,1998,3,1
199802,1553,"East Coast (PADD 1) Refinery and Blender Net Input of Crude Oil, Monthly",M,Thousand Barrels per Day,1998,2,1
199801,1511,"East Coast (PADD 1) Refinery and Blender Net Input of Crude Oil, Monthly",M,Thousand Barrels per Day,1998,1,1
199712,1459,"East Coast (PADD 1) Refinery and Blender Net Input of Crude Oil, Monthly",M,Thousand Barrels per Day,1997,12,4
199711,1495,"East Coast (PADD 1) Refinery and Blender Net Input of Crude Oil, Monthly",M,Thousand Barrels per Day,1997,11,4
199710,1604,"East Coast (PADD 1) Refinery and Blender Net Input of Crude Oil, Monthly",M,Thousand Barrels per Day,1997,10,4
199709,1626,"East Coast (PADD 1) Refinery and Blender Net Input of Crude Oil, Monthly",M,Thousand Barrels per Day,1997,9,3
199708,1574,"East Coast (PADD 1) Refinery and Blender Net Input of Crude Oil, Monthly",M,Thousand Barrels per Day,1997,8,3
199707,1565,"East Coast (PADD 1) Refinery and Blender Net Input of Crude Oil, Monthly",M,Thousand Barrels per Day,1997,7,3
199706,1574,"East Coast (PADD 1) Refinery and Blender Net Input of Crude Oil, Monthly",M,Thousand Barrels per Day,1997,6,2
199705,1568,"East Coast (PADD 1) Refinery and Blender Net Input of Crude Oil, Monthly",M,Thousand Barrels per Day,1997,5,2
199704,1406,"East Coast (PADD 1) Refinery and Blender Net Input of Crude Oil, Monthly",M,Thousand Barrels per Day,1997,4,2
199703,1349,"East Coast (PADD 1) Refinery and Blender Net Input of Crude Oil, Monthly",M,Thousand Barrels per Day,1997,3,1
199702,1345,"East Coast (PADD 1) Refinery and Blender Net Input of Crude Oil, Monthly",M,Thousand Barrels per Day,1997,2,1
199701,1224,"East Coast (PADD 1) Refinery and Blender Net Input of Crude Oil, Monthly",M,Thousand Barrels per Day,1997,1,1
199612,1336,"East Coast (PADD 1) Refinery and Blender Net Input of Crude Oil, Monthly",M,Thousand Barrels per Day,1996,12,4
199611,1313,"East Coast (PADD 1) Refinery and Blender Net Input of Crude Oil, Monthly",M,Thousand Barrels per Day,1996,11,4
199610,1326,"East Coast (PADD 1) Refinery and Blender Net Input of Crude Oil, Monthly",M,Thousand Barrels per Day,1996,10,4
199609,1418,"East Coast (PADD 1) Refinery and Blender Net Input of Crude Oil, Monthly",M,Thousand Barrels per Day,1996,9,3
199608,1385,"East Coast (PADD 1) Refinery and Blender Net Input of Crude Oil, Monthly",M,Thousand Barrels per Day,1996,8,3
199607,1350,"East Coast (PADD 1) Refinery and Blender Net Input of Crude Oil, Monthly",M,Thousand Barrels per Day,1996,7,3
199606,1318,"East Coast (PADD 1) Refinery and Blender Net Input of Crude Oil, Monthly",M,Thousand Barrels per Day,1996,6,2
199605,1360,"East Coast (PADD 1) Refinery and Blender Net Input of Crude Oil, Monthly",M,Thousand Barrels per Day,1996,5,2
199604,1319,"East Coast (PADD 1) Refinery and Blender Net Input of Crude Oil, Monthly",M,Thousand Barrels per Day,1996,4,2
199603,1223,"East Coast (PADD 1) Refinery and Blender Net Input of Crude Oil, Monthly",M,Thousand Barrels per Day,1996,3,1
199602,1248,"East Coast (PADD 1) Refinery and Blender Net Input of Crude Oil, Monthly",M,Thousand Barrels per Day,1996,2,1
199601,1367,"East Coast (PADD 1) Refinery and Blender Net Input of Crude Oil, Monthly",M,Thousand Barrels per Day,1996,1,1
199512,1420,"East Coast (PADD 1) Refinery and Blender Net Input of Crude Oil, Monthly",M,Thousand Barrels per Day,1995,12,4
199511,1475,"East Coast (PADD 1) Refinery and Blender Net Input of Crude Oil, Monthly",M,Thousand Barrels per Day,1995,11,4
199510,1399,"East Coast (PADD 1) Refinery and Blender Net Input of Crude Oil, Monthly",M,Thousand Barrels per Day,1995,10,4
199509,1555,"East Coast (PADD 1) Refinery and Blender Net Input of Crude Oil, Monthly",M,Thousand Barrels per Day,1995,9,3
199508,1586,"East Coast (PADD 1) Refinery and Blender Net Input of Crude Oil, Monthly",M,Thousand Barrels per Day,1995,8,3
199507,1574,"East Coast (PADD 1) Refinery and Blender Net Input of Crude Oil, Monthly",M,Thousand Barrels per Day,1995,7,3
199506,1539,"East Coast (PADD 1) Refinery and Blender Net Input of Crude Oil, Monthly",M,Thousand Barrels per Day,1995,6,2
199505,1454,"East Coast (PADD 1) Refinery and Blender Net Input of Crude Oil, Monthly",M,Thousand Barrels per Day,1995,5,2
199504,1430,"East Coast (PADD 1) Refinery and Blender Net Input of Crude Oil, Monthly",M,Thousand Barrels per Day,1995,4,2
199503,1507,"East Coast (PADD 1) Refinery and Blender Net Input of Crude Oil, Monthly",M,Thousand Barrels per Day,1995,3,1
199502,1459,"East Coast (PADD 1) Refinery and Blender Net Input of Crude Oil, Monthly",M,Thousand Barrels per Day,1995,2,1
199501,1344,"East Coast (PADD 1) Refinery and Blender Net Input of Crude Oil, Monthly",M,Thousand Barrels per Day,1995,1,1
199412,1352,"East Coast (PADD 1) Refinery and Blender Net Input of Crude Oil, Monthly",M,Thousand Barrels per Day,1994,12,4
199411,1475,"East Coast (PADD 1) Refinery and Blender Net Input of Crude Oil, Monthly",M,Thousand Barrels per Day,1994,11,4
199410,1355,"East Coast (PADD 1) Refinery and Blender Net Input of Crude Oil, Monthly",M,Thousand Barrels per Day,1994,10,4
199409,1373,"East Coast (PADD 1) Refinery and Blender Net Input of Crude Oil, Monthly",M,Thousand Barrels per Day,1994,9,3
199408,1416,"East Coast (PADD 1) Refinery and Blender Net Input of Crude Oil, Monthly",M,Thousand Barrels per Day,1994,8,3
199407,1434,"East Coast (PADD 1) Refinery and Blender Net Input of Crude Oil, Monthly",M,Thousand Barrels per Day,1994,7,3
199406,1470,"East Coast (PADD 1) Refinery and Blender Net Input of Crude Oil, Monthly",M,Thousand Barrels per Day,1994,6,2
199405,1422,"East Coast (PADD 1) Refinery and Blender Net Input of Crude Oil, Monthly",M,Thousand Barrels per Day,1994,5,2
199404,1263,"East Coast (PADD 1) Refinery and Blender Net Input of Crude Oil, Monthly",M,Thousand Barrels per Day,1994,4,2
199403,1195,"East Coast (PADD 1) Refinery and Blender Net Input of Crude Oil, Monthly",M,Thousand Barrels per Day,1994,3,1
199402,1376,"East Coast (PADD 1) Refinery and Blender Net Input of Crude Oil, Monthly",M,Thousand Barrels per Day,1994,2,1
199401,1252,"East Coast (PADD 1) Refinery and Blender Net Input of Crude Oil, Monthly",M,Thousand Barrels per Day,1994,1,1
199312,1305,"East Coast (PADD 1) Refinery and Blender Net Input of Crude Oil, Monthly",M,Thousand Barrels per Day,1993,12,4
199311,1419,"East Coast (PADD 1) Refinery and Blender Net Input of Crude Oil, Monthly",M,Thousand Barrels per Day,1993,11,4
199310,1507,"East Coast (PADD 1) Refinery and Blender Net Input of Crude Oil, Monthly",M,Thousand Barrels per Day,1993,10,4
199309,1438,"East Coast (PADD 1) Refinery and Blender Net Input of Crude Oil, Monthly",M,Thousand Barrels per Day,1993,9,3
199308,1367,"East Coast (PADD 1) Refinery and Blender Net Input of Crude Oil, Monthly",M,Thousand Barrels per Day,1993,8,3
199307,1442,"East Coast (PADD 1) Refinery and Blender Net Input of Crude Oil, Monthly",M,Thousand Barrels per Day,1993,7,3
199306,1467,"East Coast (PADD 1) Refinery and Blender Net Input of Crude Oil, Monthly",M,Thousand Barrels per Day,1993,6,2
199305,1441,"East Coast (PADD 1) Refinery and Blender Net Input of Crude Oil, Monthly",M,Thousand Barrels per Day,1993,5,2
199304,1402,"East Coast (PADD 1) Refinery and Blender Net Input of Crude Oil, Monthly",M,Thousand Barrels per Day,1993,4,2
199303,1127,"East Coast (PADD 1) Refinery and Blender Net Input of Crude Oil, Monthly",M,Thousand Barrels per Day,1993,3,1
199302,1115,"East Coast (PADD 1) Refinery and Blender Net Input of Crude Oil, Monthly",M,Thousand Barrels per Day,1993,2,1
199301,1239,"East Coast (PADD 1) Refinery and Blender Net Input of Crude Oil, Monthly",M,Thousand Barrels per Day,1993,1,1
199212,1231,"East Coast (PADD 1) Refinery and Blender Net Input of Crude Oil, Monthly",M,Thousand Barrels per Day,1992,12,4
199211,1299,"East Coast (PADD 1) Refinery and Blender Net Input of Crude Oil, Monthly",M,Thousand Barrels per Day,1992,11,4
199210,1360,"East Coast (PADD 1) Refinery and Blender Net Input of Crude Oil, Monthly",M,Thousand Barrels per Day,1992,10,4
199209,1296,"East Coast (PADD 1) Refinery and Blender Net Input of Crude Oil, Monthly",M,Thousand Barrels per Day,1992,9,3
199208,1213,"East Coast (PADD 1) Refinery and Blender Net Input of Crude Oil, Monthly",M,Thousand Barrels per Day,1992,8,3
199207,1349,"East Coast (PADD 1) Refinery and Blender Net Input of Crude Oil, Monthly",M,Thousand Barrels per Day,1992,7,3
199206,1405,"East Coast (PADD 1) Refinery and Blender Net Input of Crude Oil, Monthly",M,Thousand Barrels per Day,1992,6,2
199205,1314,"East Coast (PADD 1) Refinery and Blender Net Input of Crude Oil, Monthly",M,Thousand Barrels per Day,1992,5,2
199204,1307,"East Coast (PADD 1) Refinery and Blender Net Input of Crude Oil, Monthly",M,Thousand Barrels per Day,1992,4,2
199203,1165,"East Coast (PADD 1) Refinery and Blender Net Input of Crude Oil, Monthly",M,Thousand Barrels per Day,1992,3,1
199202,1160,"East Coast (PADD 1) Refinery and Blender Net Input of Crude Oil, Monthly",M,Thousand Barrels per Day,1992,2,1
199201,1173,"East Coast (PADD 1) Refinery and Blender Net Input of Crude Oil, Monthly",M,Thousand Barrels per Day,1992,1,1
199112,1242,"East Coast (PADD 1) Refinery and Blender Net Input of Crude Oil, Monthly",M,Thousand Barrels per Day,1991,12,4
199111,1161,"East Coast (PADD 1) Refinery and Blender Net Input of Crude Oil, Monthly",M,Thousand Barrels per Day,1991,11,4
199110,1086,"East Coast (PADD 1) Refinery and Blender Net Input of Crude Oil, Monthly",M,Thousand Barrels per Day,1991,10,4
199109,1341,"East Coast (PADD 1) Refinery and Blender Net Input of Crude Oil, Monthly",M,Thousand Barrels per Day,1991,9,3
199108,1320,"East Coast (PADD 1) Refinery and Blender Net Input of Crude Oil, Monthly",M,Thousand Barrels per Day,1991,8,3
199107,1332,"East Coast (PADD 1) Refinery and Blender Net Input of Crude Oil, Monthly",M,Thousand Barrels per Day,1991,7,3
199106,1334,"East Coast (PADD 1) Refinery and Blender Net Input of Crude Oil, Monthly",M,Thousand Barrels per Day,1991,6,2
199105,1273,"East Coast (PADD 1) Refinery and Blender Net Input of Crude Oil, Monthly",M,Thousand Barrels per Day,1991,5,2
199104,1184,"East Coast (PADD 1) Refinery and Blender Net Input of Crude Oil, Monthly",M,Thousand Barrels per Day,1991,4,2
199103,1242,"East Coast (PADD 1) Refinery and Blender Net Input of Crude Oil, Monthly",M,Thousand Barrels per Day,1991,3,1
199102,1219,"East Coast (PADD 1) Refinery and Blender Net Input of Crude Oil, Monthly",M,Thousand Barrels per Day,1991,2,1
199101,1158,"East Coast (PADD 1) Refinery and Blender Net Input of Crude Oil, Monthly",M,Thousand Barrels per Day,1991,1,1
199012,1083,"East Coast (PADD 1) Refinery and Blender Net Input of Crude Oil, Monthly",M,Thousand Barrels per Day,1990,12,4
199011,1139,"East Coast (PADD 1) Refinery and Blender Net Input of Crude Oil, Monthly",M,Thousand Barrels per Day,1990,11,4
199010,1192,"East Coast (PADD 1) Refinery and Blender Net Input of Crude Oil, Monthly",M,Thousand Barrels per Day,1990,10,4
199009,1420,"East Coast (PADD 1) Refinery and Blender Net Input of Crude Oil, Monthly",M,Thousand Barrels per Day,1990,9,3
199008,1285,"East Coast (PADD 1) Refinery and Blender Net Input of Crude Oil, Monthly",M,Thousand Barrels per Day,1990,8,3
199007,1441,"East Coast (PADD 1) Refinery and Blender Net Input of Crude Oil, Monthly",M,Thousand Barrels per Day,1990,7,3
199006,1317,"East Coast (PADD 1) Refinery and Blender Net Input of Crude Oil, Monthly",M,Thousand Barrels per Day,1990,6,2
199005,1255,"East Coast (PADD 1) Refinery and Blender Net Input of Crude Oil, Monthly",M,Thousand Barrels per Day,1990,5,2
199004,1186,"East Coast (PADD 1) Refinery and Blender Net Input of Crude Oil, Monthly",M,Thousand Barrels per Day,1990,4,2
199003,1289,"East Coast (PADD 1) Refinery and Blender Net Input of Crude Oil, Monthly",M,Thousand Barrels per Day,1990,3,1
199002,1409,"East Coast (PADD 1) Refinery and Blender Net Input of Crude Oil, Monthly",M,Thousand Barrels per Day,1990,2,1
199001,1404,"East Coast (PADD 1) Refinery and Blender Net Input of Crude Oil, Monthly",M,Thousand Barrels per Day,1990,1,1
198912,1347,"East Coast (PADD 1) Refinery and Blender Net Input of Crude Oil, Monthly",M,Thousand Barrels per Day,1989,12,4
198911,1332,"East Coast (PADD 1) Refinery and Blender Net Input of Crude Oil, Monthly",M,Thousand Barrels per Day,1989,11,4
198910,1372,"East Coast (PADD 1) Refinery and Blender Net Input of Crude Oil, Monthly",M,Thousand Barrels per Day,1989,10,4
198909,1391,"East Coast (PADD 1) Refinery and Blender Net Input of Crude Oil, Monthly",M,Thousand Barrels per Day,1989,9,3
198908,1368,"East Coast (PADD 1) Refinery and Blender Net Input of Crude Oil, Monthly",M,Thousand Barrels per Day,1989,8,3
198907,1350,"East Coast (PADD 1) Refinery and Blender Net Input of Crude Oil, Monthly",M,Thousand Barrels per Day,1989,7,3
198906,1342,"East Coast (PADD 1) Refinery and Blender Net Input of Crude Oil, Monthly",M,Thousand Barrels per Day,1989,6,2
198905,1044,"East Coast (PADD 1) Refinery and Blender Net Input of Crude Oil, Monthly",M,Thousand Barrels per Day,1989,5,2
198904,1069,"East Coast (PADD 1) Refinery and Blender Net Input of Crude Oil, Monthly",M,Thousand Barrels per Day,1989,4,2
198903,1236,"East Coast (PADD 1) Refinery and Blender Net Input of Crude Oil, Monthly",M,Thousand Barrels per Day,1989,3,1
198902,1290,"East Coast (PADD 1) Refinery and Blender Net Input of Crude Oil, Monthly",M,Thousand Barrels per Day,1989,2,1
198901,1309,"East Coast (PADD 1) Refinery and Blender Net Input of Crude Oil, Monthly",M,Thousand Barrels per Day,1989,1,1
198812,1309,"East Coast (PADD 1) Refinery and Blender Net Input of Crude Oil, Monthly",M,Thousand Barrels per Day,1988,12,4
198811,1232,"East Coast (PADD 1) Refinery and Blender Net Input of Crude Oil, Monthly",M,Thousand Barrels per Day,1988,11,4
198810,1272,"East Coast (PADD 1) Refinery and Blender Net Input of Crude Oil, Monthly",M,Thousand Barrels per Day,1988,10,4
198809,1363,"East Coast (PADD 1) Refinery and Blender Net Input of Crude Oil, Monthly",M,Thousand Barrels per Day,1988,9,3
198808,1405,"East Coast (PADD 1) Refinery and Blender Net Input of Crude Oil, Monthly",M,Thousand Barrels per Day,1988,8,3
198807,1405,"East Coast (PADD 1) Refinery and Blender Net Input of Crude Oil, Monthly",M,Thousand Barrels per Day,1988,7,3
198806,1331,"East Coast (PADD 1) Refinery and Blender Net Input of Crude Oil, Monthly",M,Thousand Barrels per Day,1988,6,2
198805,1249,"East Coast (PADD 1) Refinery and Blender Net Input of Crude Oil, Monthly",M,Thousand Barrels per Day,1988,5,2
198804,1131,"East Coast (PADD 1) Refinery and Blender Net Input of Crude Oil, Monthly",M,Thousand Barrels per Day,1988,4,2
198803,1256,"East Coast (PADD 1) Refinery and Blender Net Input of Crude Oil, Monthly",M,Thousand Barrels per Day,1988,3,1
198802,1304,"East Coast (PADD 1) Refinery and Blender Net Input of Crude Oil, Monthly",M,Thousand Barrels per Day,1988,2,1
198801,1314,"East Coast (PADD 1) Refinery and Blender Net Input of Crude Oil, Monthly",M,Thousand Barrels per Day,1988,1,1
198712,1320,"East Coast (PADD 1) Refinery and Blender Net Input of Crude Oil, Monthly",M,Thousand Barrels per Day,1987,12,4
198711,1223,"East Coast (PADD 1) Refinery and Blender Net Input of Crude Oil, Monthly",M,Thousand Barrels per Day,1987,11,4
198710,1198,"East Coast (PADD 1) Refinery and Blender Net Input of Crude Oil, Monthly",M,Thousand Barrels per Day,1987,10,4
198709,1274,"East Coast (PADD 1) Refinery and Blender Net Input of Crude Oil, Monthly",M,Thousand Barrels per Day,1987,9,3
198708,1369,"East Coast (PADD 1) Refinery and Blender Net Input of Crude Oil, Monthly",M,Thousand Barrels per Day,1987,8,3
198707,1354,"East Coast (PADD 1) Refinery and Blender Net Input of Crude Oil, Monthly",M,Thousand Barrels per Day,1987,7,3
198706,1385,"East Coast (PADD 1) Refinery and Blender Net Input of Crude Oil, Monthly",M,Thousand Barrels per Day,1987,6,2
198705,1272,"East Coast (PADD 1) Refinery and Blender Net Input of Crude Oil, Monthly",M,Thousand Barrels per Day,1987,5,2
198704,1255,"East Coast (PADD 1) Refinery and Blender Net Input of Crude Oil, Monthly",M,Thousand Barrels per Day,1987,4,2
198703,1113,"East Coast (PADD 1) Refinery and Blender Net Input of Crude Oil, Monthly",M,Thousand Barrels per Day,1987,3,1
198702,1150,"East Coast (PADD 1) Refinery and Blender Net Input of Crude Oil, Monthly",M,Thousand Barrels per Day,1987,2,1
198701,1099,"East Coast (PADD 1) Refinery and Blender Net Input of Crude Oil, Monthly",M,Thousand Barrels per Day,1987,1,1
198612,1224,"East Coast (PADD 1) Refinery and Blender Net Input of Crude Oil, Monthly",M,Thousand Barrels per Day,1986,12,4
198611,1203,"East Coast (PADD 1) Refinery and Blender Net Input of Crude Oil, Monthly",M,Thousand Barrels per Day,1986,11,4
198610,1281,"East Coast (PADD 1) Refinery and Blender Net Input of Crude Oil, Monthly",M,Thousand Barrels per Day,1986,10,4
198609,1311,"East Coast (PADD 1) Refinery and Blender Net Input of Crude Oil, Monthly",M,Thousand Barrels per Day,1986,9,3
198608,1332,"East Coast (PADD 1) Refinery and Blender Net Input of Crude Oil, Monthly",M,Thousand Barrels per Day,1986,8,3
198607,1290,"East Coast (PADD 1) Refinery and Blender Net Input of Crude Oil, Monthly",M,Thousand Barrels per Day,1986,7,3
198606,1338,"East Coast (PADD 1) Refinery and Blender Net Input of Crude Oil, Monthly",M,Thousand Barrels per Day,1986,6,2
198605,1283,"East Coast (PADD 1) Refinery and Blender Net Input of Crude Oil, Monthly",M,Thousand Barrels per Day,1986,5,2
198604,1104,"East Coast (PADD 1) Refinery and Blender Net Input of Crude Oil, Monthly",M,Thousand Barrels per Day,1986,4,2
198603,1092,"East Coast (PADD 1) Refinery and Blender Net Input of Crude Oil, Monthly",M,Thousand Barrels per Day,1986,3,1
198602,1082,"East Coast (PADD 1) Refinery and Blender Net Input of Crude Oil, Monthly",M,Thousand Barrels per Day,1986,2,1
198601,1128,"East Coast (PADD 1) Refinery and Blender Net Input of Crude Oil, Monthly",M,Thousand Barrels per Day,1986,1,1
198512,1192,"East Coast (PADD 1) Refinery and Blender Net Input of Crude Oil, Monthly",M,Thousand Barrels per Day,1985,12,4
198511,1144,"East Coast (PADD 1) Refinery and Blender Net Input of Crude Oil, Monthly",M,Thousand Barrels per Day,1985,11,4
198510,1198,"East Coast (PADD 1) Refinery and Blender Net Input of Crude Oil, Monthly",M,Thousand Barrels per Day,1985,10,4
198509,1107,"East Coast (PADD 1) Refinery and Blender Net Input of Crude Oil, Monthly",M,Thousand Barrels per Day,1985,9,3
198508,1186,"East Coast (PADD 1) Refinery and Blender Net Input of Crude Oil, Monthly",M,Thousand Barrels per Day,1985,8,3
198507,1196,"East Coast (PADD 1) Refinery and Blender Net Input of Crude Oil, Monthly",M,Thousand Barrels per Day,1985,7,3
198506,1226,"East Coast (PADD 1) Refinery and Blender Net Input of Crude Oil, Monthly",M,Thousand Barrels per Day,1985,6,2
198505,1152,"East Coast (PADD 1) Refinery and Blender Net Input of Crude Oil, Monthly",M,Thousand Barrels per Day,1985,5,2
198504,1148,"East Coast (PADD 1) Refinery and Blender Net Input of Crude Oil, Monthly",M,Thousand Barrels per Day,1985,4,2
198503,1106,"East Coast (PADD 1) Refinery and Blender Net Input of Crude Oil, Monthly",M,Thousand Barrels per Day,1985,3,1
198502,1095,"East Coast (PADD 1) Refinery and Blender Net Input of Crude Oil, Monthly",M,Thousand Barrels per Day,1985,2,1
198501,1079,"East Coast (PADD 1) Refinery and Blender Net Input of Crude Oil, Monthly",M,Thousand Barrels per Day,1985,1,1
198412,1205,"East Coast (PADD 1) Refinery and Blender Net Input of Crude Oil, Monthly",M,Thousand Barrels per Day,1984,12,4
198411,1181,"East Coast (PADD 1) Refinery and Blender Net Input of Crude Oil, Monthly",M,Thousand Barrels per Day,1984,11,4
198410,1078,"East Coast (PADD 1) Refinery and Blender Net Input of Crude Oil, Monthly",M,Thousand Barrels per Day,1984,10,4
198409,1169,"East Coast (PADD 1) Refinery and Blender Net Input of Crude Oil, Monthly",M,Thousand Barrels per Day,1984,9,3
198408,1228,"East Coast (PADD 1) Refinery and Blender Net Input of Crude Oil, Monthly",M,Thousand Barrels per Day,1984,8,3
198407,1158,"East Coast (PADD 1) Refinery and Blender Net Input of Crude Oil, Monthly",M,Thousand Barrels per Day,1984,7,3
198406,1180,"East Coast (PADD 1) Refinery and Blender Net Input of Crude Oil, Monthly",M,Thousand Barrels per Day,1984,6,2
198405,1130,"East Coast (PADD 1) Refinery and Blender Net Input of Crude Oil, Monthly",M,Thousand Barrels per Day,1984,5,2
198404,813,"East Coast (PADD 1) Refinery and Blender Net Input of Crude Oil, Monthly",M,Thousand Barrels per Day,1984,4,2
198403,1035,"East Coast (PADD 1) Refinery and Blender Net Input of Crude Oil, Monthly",M,Thousand Barrels per Day,1984,3,1
198402,1057,"East Coast (PADD 1) Refinery and Blender Net Input of Crude Oil, Monthly",M,Thousand Barrels per Day,1984,2,1
198401,1032,"East Coast (PADD 1) Refinery and Blender Net Input of Crude Oil, Monthly",M,Thousand Barrels per Day,1984,1,1
198312,923,"East Coast (PADD 1) Refinery and Blender Net Input of Crude Oil, Monthly",M,Thousand Barrels per Day,1983,12,4
198311,907,"East Coast (PADD 1) Refinery and Blender Net Input of Crude Oil, Monthly",M,Thousand Barrels per Day,1983,11,4
198310,988,"East Coast (PADD 1) Refinery and Blender Net Input of Crude Oil, Monthly",M,Thousand Barrels per Day,1983,10,4
198309,1174,"East Coast (PADD 1) Refinery and Blender Net Input of Crude Oil, Monthly",M,Thousand Barrels per Day,1983,9,3
198308,1181,"East Coast (PADD 1) Refinery and Blender Net Input of Crude Oil, Monthly",M,Thousand Barrels per Day,1983,8,3
198307,1121,"East Coast (PADD 1) Refinery and Blender Net Input of Crude Oil, Monthly",M,Thousand Barrels per Day,1983,7,3
198306,1096,"East Coast (PADD 1) Refinery and Blender Net Input of Crude Oil, Monthly",M,Thousand Barrels per Day,1983,6,2
198305,1076,"East Coast (PADD 1) Refinery and Blender Net Input of Crude Oil, Monthly",M,Thousand Barrels per Day,1983,5,2
198304,1062,"East Coast (PADD 1) Refinery and Blender Net Input of Crude Oil, Monthly",M,Thousand Barrels per Day,1983,4,2
198303,894,"East Coast (PADD 1) Refinery and Blender Net Input of Crude Oil, Monthly",M,Thousand Barrels per Day,1983,3,1
198302,967,"East Coast (PADD 1) Refinery and Blender Net Input of Crude Oil, Monthly",M,Thousand Barrels per Day,1983,2,1
198301,1055,"East Coast (PADD 1) Refinery and Blender Net Input of Crude Oil, Monthly",M,Thousand Barrels per Day,1983,1,1
198212,1132,"East Coast (PADD 1) Refinery and Blender Net Input of Crude Oil, Monthly",M,Thousand Barrels per Day,1982,12,4
198211,1181,"East Coast (PADD 1) Refinery and Blender Net Input of Crude Oil, Monthly",M,Thousand Barrels per Day,1982,11,4
198210,1111,"East Coast (PADD 1) Refinery and Blender Net Input of Crude Oil, Monthly",M,Thousand Barrels per Day,1982,10,4
198209,1171,"East Coast (PADD 1) Refinery and Blender Net Input of Crude Oil, Monthly",M,Thousand Barrels per Day,1982,9,3
198208,1150,"East Coast (PADD 1) Refinery and Blender Net Input of Crude Oil, Monthly",M,Thousand Barrels per Day,1982,8,3
198207,1291,"East Coast (PADD 1) Refinery and Blender Net Input of Crude Oil, Monthly",M,Thousand Barrels per Day,1982,7,3
198206,1349,"East Coast (PADD 1) Refinery and Blender Net Input of Crude Oil, Monthly",M,Thousand Barrels per Day,1982,6,2
198205,1092,"East Coast (PADD 1) Refinery and Blender Net Input of Crude Oil, Monthly",M,Thousand Barrels per Day,1982,5,2
198204,1173,"East Coast (PADD 1) Refinery and Blender Net Input of Crude Oil, Monthly",M,Thousand Barrels per Day,1982,4,2
198203,1201,"East Coast (PADD 1) Refinery and Blender Net Input of Crude Oil, Monthly",M,Thousand Barrels per Day,1982,3,1
198202,1240,"East Coast (PADD 1) Refinery and Blender Net Input of Crude Oil, Monthly",M,Thousand Barrels per Day,1982,2,1
198201,1273,"East Coast (PADD 1) Refinery and Blender Net Input of Crude Oil, Monthly",M,Thousand Barrels per Day,1982,1,1
198112,1314,"East Coast (PADD 1) Refinery and Blender Net Input of Crude Oil, Monthly",M,Thousand Barrels per Day,1981,12,4
198111,1375,"East Coast (PADD 1) Refinery and Blender Net Input of Crude Oil, Monthly",M,Thousand Barrels per Day,1981,11,4
198110,1337,"East Coast (PADD 1) Refinery and Blender Net Input of Crude Oil, Monthly",M,Thousand Barrels per Day,1981,10,4
198109,1293,"East Coast (PADD 1) Refinery and Blender Net Input of Crude Oil, Monthly",M,Thousand Barrels per Day,1981,9,3
198108,1374,"East Coast (PADD 1) Refinery and Blender Net Input of Crude Oil, Monthly",M,Thousand Barrels per Day,1981,8,3
198107,1289,"East Coast (PADD 1) Refinery and Blender Net Input of Crude Oil, Monthly",M,Thousand Barrels per Day,1981,7,3
198106,1281,"East Coast (PADD 1) Refinery and Blender Net Input of Crude Oil, Monthly",M,Thousand Barrels per Day,1981,6,2
198105,1140,"East Coast (PADD 1) Refinery and Blender Net Input of Crude Oil, Monthly",M,Thousand Barrels per Day,1981,5,2
198104,1286,"East Coast (PADD 1) Refinery and Blender Net Input of Crude Oil, Monthly",M,Thousand Barrels per Day,1981,4,2
198103,1399,"East Coast (PADD 1) Refinery and Blender Net Input of Crude Oil, Monthly",M,Thousand Barrels per Day,1981,3,1
198102,1459,"East Coast (PADD 1) Refinery and Blender Net Input of Crude Oil, Monthly",M,Thousand Barrels per Day,1981,2,1
198101,1470,"East Coast (PADD 1) Refinery and Blender Net Input of Crude Oil, Monthly",M,Thousand Barrels per Day,1981,1,1
